fast-food,120.45333993755311,6.495586040854141,0.23619299727899315,8.926495557706941,0.00021581537378196364,0.00021581537378196364,0.9880655028179764,242.0679501769967,9.438963047729112,0.1646188464916617,9.295745164148837,0.00014068648363961325,0.00014068648363961325,0.9760711361541708,211.4982868515862,8.422706774494094,0.18339934599144936,9.174216181761372,0.00016153155677924098,0.00016153155677924098,0.9791025447091473,373.4917102061633,11.223418903370472,0.1448222168459914,9.430209555601207,0.00012356476030715783,0.00012356476030715783,0.9630850040606279
fast-food,176.7304982717791,8.408994524059084,0.1655529776946394,8.974094305335539,0.0002233396727605865,0.0002233396727605865,0.9668883161972965,315.74710831524567,11.085837378830163,0.1346634663892084,9.220876134949995,0.00017799431089293965,0.00017799431089293965,0.9407500767748083,178.72984337387214,8.12342514146372,0.18143517137162904,8.922276935830421,0.00024881213466483766,0.00024881213466483766,0.96643531138937,307.73098110204836,11.255348699302417,0.12300991968630832,9.244417479782804,0.00016485764752913957,0.00016485764752913957,0.9422352131865389
fast-food,1156.0744586762505,20.088963342940648,0.12518482332296058,9.659761255756125,0.00020001092509004504,0.00020001092509004504,0.916571028837385,1824.5860522830808,26.301717396064856,0.09526181577259614,9.885383292875877,0.00014057363779786388,0.00014057363779786388,0.8684612324420755,943.2054900485165,18.1456974410435,0.13376134658502534,9.586082207943285,0.000213432056554567,0.000213432056554567,0.9320115706002519,1835.7976020435074,26.49788875566897,0.09364992104434845,9.893831501291885,0.00013864270260557598,0.00013864270260557598,0.8676570949890636
fast-food,205.8737408433694,9.234455928553254,0.16226189426391027,9.22189066431488,0.00021991777308800683,0.00021991777308800683,0.98164468066251,481.4114668029628,14.249841255091292,0.10631225600974076,9.599037212609446,0.00014583243223663218,0.00014583243223663218,0.9571112704626897,305.32094968821673,11.270382276617788,0.1288953265341576,9.39429621401221,0.00018047796744212463,0.00018047796744212463,0.9727690370161735,445.15794405549923,13.774665448237524,0.10946769423237625,9.578799764997223,0.00014560900921948777,0.00014560900921948777,0.9603353474858465
fast-food,276.40107600447044,10.381110834680957,0.16486781800470826,9.25895986402149,0.00019882035675388072,0.00019882035675388072,0.967434237140592,620.3983182809169,15.94068825910929,0.11217583365456844,9.639824247405405,0.0001285149048239133,0.0001285149048239133,0.9269559944186788,357.16739315204796,11.880336548583381,0.14967915458250222,9.378244449910206,0.00017072354423253335,0.00017072354423253335,0.9579260951372657,486.1079969784546,13.847785625842178,0.12370740194825812,9.522920407673057,0.0001410033188708543,0.0001410033188708543,0.9427684066637154
fast-food,611.4500573078013,16.04404918566349,0.12051074751737098,9.785353117762408,8.805732106988746e-05,8.805732106988746e-05,0.9387199645334972,1095.6907300601058,22.627428863302733,0.06901354164522147,10.108110534361924,5.7106658224828245e-05,5.7106658224828245e-05,0.8903021833739465,664.3468958659007,17.034564568831307,0.12285177259104335,9.837294778581786,8.866530880526001e-05,8.866530880526001e-05,0.9334875197607276,1129.6334548601287,23.177403109572452,0.06775844840755024,10.130787232566647,5.552047151321225e-05,5.552047151321225e-05,0.8869106528481221
fast-food,61.59680867052883,3.506947111771729,0.5543879887818802,6.293409753044772,0.10121448539670477,0.10121448539670477,0.9927410876022934,141.75766766374903,5.564778323070847,0.47355486885433995,6.6289082472841425,0.09765919935716069,0.09765919935716069,0.9832782111261459,97.38162653370011,4.718785236412809,0.49704527563581935,6.5197047872440566,0.09910291436863389,0.09910291436863389,0.9885224076831476,146.7682498937408,5.853234100360982,0.4678900934514765,6.654031840081157,0.09793187127693734,0.09793187127693734,0.9826881504828575
fast-food,239.1644682260499,8.362996739319229,0.24635909435805275,8.813386292634412,0.0005971677645460751,0.0005971677645460751,0.9717044319126243,563.4223275000852,12.751574333688044,0.1696866836446544,9.163576318864868,0.0004157421913639411,0.0004157421913639411,0.9334598904622428,375.7503499796761,10.044823203813852,0.2137617756958261,8.942280694412812,0.000546312060149884,0.000546312060149884,0.9556441528546263,515.4230265998945,11.89262073721721,0.1827831969989786,9.118323732993804,0.00041582434053729885,0.00041582434053729885,0.939119090036473
fast-food,150.4339157496754,7.605169154693809,0.2325070366405405,8.921360730849743,0.00032451096172179776,0.00032451096172179776,0.978131216203855,248.49598271700995,9.974415109608472,0.1778530097365857,9.197661746407148,0.00021843099375436675,0.00021843099375436675,0.9639324399114525,128.3088736954731,6.927054725217524,0.23924728758425243,8.847604824736193,0.0003214131727083361,0.0003214131727083361,0.9813624009449938,240.79668769374598,9.617177169365496,0.19123000033315585,9.141641321662123,0.00024449223663598757,0.00024449223663598757,0.9650483435063136
fast-food,175.70024009051008,7.685660607239535,0.2901435103996849,8.646782433886193,0.0009934702984192834,0.0009934702984192834,0.9787506765636933,390.6764630376946,12.209749134859148,0.19256889104196517,9.113483461929244,0.0006197409104788156,0.0006197409104788156,0.9527694107315133,207.147923493349,8.800828959127273,0.23124658827064323,8.839168559042381,0.0007379889293095429,0.0007379889293095429,0.9749610356623561,306.5199741242611,10.649219363682597,0.2040802356519548,9.010152961947512,0.0006230851869376676,0.0006230851869376676,0.9629470286811942
fast-food,404.5699352451476,13.758433549182916,0.10515743266126543,9.624961075701219,0.00010769376704434749,0.00010769376704434749,0.9593977706934743,616.9724522169848,16.977141530603777,0.08685281244122811,9.812908674534953,8.72909403227084e-05,8.72909403227084e-05,0.9381278950307547,369.0996431363703,13.056865947778581,0.10972992662266044,9.579554012534953,0.00011198607688276862,0.00011198607688276862,0.9629477284602258,648.6195631146642,17.312451154117028,0.08403240788140727,9.828231912385668,8.481436600652724e-05,8.481436600652724e-05,0.9349686155995991
fast-food,119.96767361555055,6.262053971096093,0.2977728580864979,8.605890270919591,0.0006258353398865906,0.0006258353398865906,0.9897644407065014,278.20364050640393,9.790519493182359,0.22021043536435222,9.0255506806807,0.00039235721977911605,0.00039235721977911605,0.9762963393102122,155.91244686749206,7.303214645064633,0.26196847879175966,8.772063348089185,0.0005125832555462445,0.0005125832555462445,0.9867352549998557,232.08710556429898,8.826584285691979,0.2253379499732893,8.95312264292151,0.0004043877959700907,0.0004043877959700907,0.9802257290646812
fast-food,147.26061564098626,6.880251364673594,0.26966208236358635,8.65814337359343,0.0005395605682018686,0.0005395605682018686,0.9836761021155326,199.33523626805834,8.403921293371756,0.20227760070918702,8.903131721358278,0.00034322071215586155,0.00034322071215586155,0.9778865455463579,104.3536591083129,6.029613539403981,0.26223306681893077,8.607322602038796,0.00046430651086221646,0.00046430651086221646,0.9884038610595887,231.9252253306798,8.88697959342932,0.20412101828937565,8.937912520153954,0.0003492852592440389,0.0003492852592440389,0.9742748832187811
fast-food,410.5853317577735,12.15612811541802,0.15931845512528625,9.35096833357968,0.0003108084149796739,0.0003108084149796739,0.9699588767463099,821.81459908289,18.585404015367907,0.09714560178711971,9.741985943786892,0.00018161618353482777,0.00018161618353482777,0.9398923730298001,570.0024422390902,14.995061249806101,0.12695258446369792,9.543594033803627,0.00023386029238424172,0.00023386029238424172,0.958328249830031,931.1638248259127,19.48778692779056,0.09676262085923962,9.774858048494227,0.00017760324383328272,0.00017760324383328272,0.9318926881289068
fast-food,169.08963426923484,8.436419590394019,0.20703950683480077,9.122132029182994,0.0002622176067944088,0.0002622176067944088,0.9804895133111643,346.45181872714517,12.373257815967067,0.14589926035977008,9.481939054299149,0.0001609187126020485,0.0001609187126020485,0.9600310567418665,234.24608272657264,10.007273265875519,0.1777376380268329,9.283436093503452,0.0002002429889759109,0.0002002429889759109,0.9729901981114772,352.7314207352247,12.189182029265305,0.15528829984516032,9.461697569763192,0.00016431968769618216,0.00016431968769618216,0.9593092883265427
fast-food,496.07258076416963,13.764975870364255,0.16902386439103087,9.333216095711899,0.0003674671301469135,0.0003674671301469135,0.9423253309566315,837.004950202455,18.54409374353557,0.12313490556159216,9.61289938502785,0.0002455001686202487,0.0002455001686202487,0.9026262258892134,471.4020120962817,13.642634528400816,0.16110069638784344,9.341837887634236,0.00034502193040787503,0.00034502193040787503,0.9451189211773542,793.7485464364631,18.238613444447093,0.11962398840804342,9.607396092581997,0.00023938170035361176,0.00023938170035361176,0.907659734809146
fast-food,245.32622662802717,8.875727769370801,0.22026574702393964,9.154827743883853,0.00021227275104231997,0.00021227275104231997,0.9731064929968416,413.0000450357736,12.302839827062535,0.1463239944570739,9.507196500452256,0.00013079610306702708,0.00013079610306702708,0.9547781190397219,208.12715818194974,8.935758090568022,0.17866579792082485,9.234247617221124,0.00016695695291929404,0.00016695695291929404,0.9772032230415428,383.9299919575439,11.896689721730752,0.1395975921372062,9.486016624858486,0.0001284548748419432,0.0001284548748419432,0.957961547498211
fast-food,285.73062340371246,10.302341810855431,0.19774898448957498,9.212278119831604,0.0002514145209822903,0.0002514145209822903,0.9700787658507434,605.6256176824951,15.396737915064902,0.146905342369682,9.578473567155019,0.00017330684047381877,0.00017330684047381877,0.9366685822823095,395.78010024990346,12.35143802273693,0.1913482441706895,9.351939262286312,0.0002469419130355861,0.0002469419130355861,0.9585763033911021,612.6069255696157,15.505560808030932,0.14754222613832266,9.568630386320764,0.00018133862042704114,0.00018133862042704114,0.9359224948763416
fast-food,328.0221945241691,9.09922073025105,0.25299811939918015,8.826521857002223,0.0005152905029249282,0.0005152905029249282,0.9514635994351045,546.9090137124159,12.752096699794672,0.1857222034379785,9.1769835988757,0.0003375635728794543,0.0003375635728794543,0.9191898724431872,302.6236733963667,9.170773415836674,0.2876258425937657,8.797114269447258,0.0006071082031972882,0.0006071082031972882,0.9552027094489368,529.9881121483452,12.776861670064983,0.1735812804340634,9.194391271099212,0.00031942146821493635,0.00031942146821493635,0.9216963456519314
fast-food,356.0522578635828,11.564292387774092,0.19779268524592405,9.211262788519305,0.0005388395731596815,0.0005388395731596815,0.9708006337428458,568.2897115607004,14.823386537127053,0.16859517011014205,9.431349895786514,0.000421289221098759,0.000421289221098759,0.9534547334184604,315.8407221002704,11.025994538737246,0.19630855185676005,9.180108469565313,0.0005855904073193228,0.0005855904073193228,0.9740721172137277,574.6764336989312,15.150161449577496,0.14653075756829662,9.46244223276377,0.00041384617333446353,0.00041384617333446353,0.952929943432391
fast-food,191.6576548278198,7.730981635425893,0.2910067800396859,8.83999068287759,0.0005057073942902317,0.0005057073942902317,0.9783696136950446,408.39369894296715,12.465976634556188,0.1808210163420532,9.333705436713387,0.000278037715847308,0.000278037715847308,0.9538507174043955,281.8481904761927,10.112761904761973,0.21435715038619998,9.1348203430369,0.0003474647452667827,0.0003474647452667827,0.9681605997616352,432.8005957608768,12.828993208033422,0.17319723602424375,9.361250352047149,0.00026650761384150917,0.00026650761384150917,0.9510995647573955
fast-food,602.1949987030054,9.035942931258036,0.2818842190460053,8.556759427074828,0.0005639732118074255,0.0005639732118074255,0.9267967398476881,753.1386956205345,12.236758083471262,0.19795648860220902,8.964458349836791,0.00036974968292578385,0.00036974968292578385,0.908616332173167,415.85796968688544,9.073201199200462,0.24650460116753733,8.71861644358219,0.0004943162236896581,0.0004943162236896581,0.9493240646833961,943.0569842045827,12.837511828381631,0.20737637725429692,8.939134015310758,0.0003854351841204824,0.0003854351841204824,0.8856202074667552
fast-food,325.99013142596766,10.861765553933054,0.18818360233230455,9.13021263990852,0.00038233218534799594,0.00038233218534799594,0.9703937807053094,559.1929358465189,14.37542181702946,0.13771719662712176,9.387186674725706,0.00025706032941420347,0.00025706032941420347,0.9491602514655524,335.6282121888125,10.913591770822803,0.18409522664182384,9.142676550774462,0.00035386881551952037,0.00035386881551952037,0.969518409038175,602.0888007836136,14.039619385231893,0.1711437665475953,9.325616527728966,0.00028772767780245456,0.00028772767780245456,0.9452844696376342
fast-food,117.42005475918823,6.4151074041185545,0.26391192036384187,8.763181852990796,0.0004530320133263393,0.0004530320133263393,0.9912621201582675,198.5404490453289,8.643301404988367,0.2010863059162059,9.064544198992778,0.0003161307367922757,0.0003161307367922757,0.985238384865838,102.27529239611428,6.1827117817343025,0.25004020112967923,8.772792739687496,0.00041586706332254127,0.00041586706332254127,0.9923981410921763,200.17129659059958,8.657671688597821,0.19147631498005546,9.079534293569,0.00030566337456021283,0.00030566337456021283,0.9851176854611684
fast-food,433.3023239686145,14.451085700195772,0.09562996569928475,9.701920202763036,0.00010287671442486742,0.00010287671442486742,0.9556205249977613,716.4302456004182,18.779098820344267,0.07320696436760431,9.934335879219233,7.560064999601905e-05,7.560064999601905e-05,0.9266151599560332,445.296505465767,14.546522872681853,0.09663590956856788,9.708707049244309,0.00010174528881287956,0.00010174528881287956,0.954402596943949,719.9515664887487,18.848309739305584,0.07157915568356184,9.93601663496644,7.40299068510821e-05,7.40299068510821e-05,0.9262503077992382
fast-food,471.64518102297444,11.218800520828932,0.21562338126695293,9.156341476399655,0.0005288539755171399,0.0005288539755171399,0.9601550559893466,909.6461255903555,16.400542242434465,0.16003412792611948,9.50278940296048,0.00036300036540708034,0.00036300036540708034,0.9230637071026176,528.5163852681471,12.522561455691974,0.18310368988523223,9.282799527214701,0.0004477234059288291,0.0004477234059288291,0.955260385097891,844.4176210375208,16.107093525431,0.14887311391234656,9.498735784650068,0.0003595814389445729,0.0003595814389445729,0.9285713477533878
fast-food,187.1940767141909,8.00414275134181,0.25650676173989134,8.83671678995064,0.0015417480963151441,0.0015417480963151441,0.9847854475573772,383.7973621103101,11.6610427786801,0.18457713789199912,9.17876470709896,0.0012347409969084473,0.0012347409969084473,0.968902340296404,248.70561616661723,9.361347012149855,0.2069605612304343,8.995438564402091,0.0013900628575569552,0.0013900628575569552,0.9798295331146798,387.1911293939232,11.718556206794808,0.17758918548573277,9.187335640805891,0.0011863219013260077,0.0011863219013260077,0.96863397662715
fast-food,130.4892493100401,6.586468127505886,0.2764500179651603,8.786259419771513,0.00041292164608704667,0.00041292164608704667,0.9893575758346725,279.2973426529217,10.448400604770674,0.16679049833638016,9.249559111844626,0.0002176191155866759,0.0002176191155866759,0.9771936917039108,201.57430450978953,8.89186018863456,0.18905222520256476,9.101833283731953,0.0002540795156620992,0.0002540795156620992,0.9835576032321506,313.5779424337415,10.87299325543937,0.1639266222892627,9.277584147264326,0.00020984367316848762,0.00020984367316848762,0.9743941366916656
fast-food,86.27246296552573,5.8480932822619405,0.23737636528317232,8.844517685691553,0.0002331123032855565,0.0002331123032855565,0.9913748727978157,182.08291233743677,8.53915068429548,0.17914993115261807,9.200190441638764,0.00015957159463386193,0.00015957159463386193,0.9817726237852409,115.70932751524238,6.861170426763308,0.20348113453717126,9.00030458985173,0.0001955586587037145,0.0001955586587037145,0.9884321425223388,184.26799625569086,8.802302282942538,0.16380523713026823,9.231626966836112,0.00015293576816136065,0.00015293576816136065,0.9815519611900188
fast-food,445.09618789094685,14.514848069433263,0.0962283367426855,9.692660747895125,0.00011222015965014002,0.00011222015965014002,0.9577060711007669,678.9850165010563,17.945258577344312,0.07913530616492426,9.875613222900856,8.788492868186002e-05,8.788492868186002e-05,0.9354631232447161,374.64878552689737,13.095521487535141,0.10794262381275613,9.5983956885122,0.0001218826833830546,0.0001218826833830546,0.9643708106521062,646.1710715167301,17.52565661367402,0.07989342303420507,9.856143601652635,9.025678632242223e-05,9.025678632242223e-05,0.9385846266024164
fast-food,105.49878600553609,6.417105374719522,0.2343523502485525,8.713524262078362,0.0004661336970533915,0.0004661336970533915,0.9849008398572766,193.06912346127828,8.952339319287754,0.17779198987848577,9.029565423369437,0.00031851543495495775,0.00031851543495495775,0.9723926389716108,103.43265100801374,6.463614905389642,0.2533689804010263,8.716418475093693,0.0004617961253770826,0.0004617961253770826,0.9852168282878139,168.04787217579005,8.336869390281745,0.19724012995066606,8.958614705577098,0.00034781268580522264,0.00034781268580522264,0.9759678385152318
fast-food,267.65432279996105,10.548288650235301,0.1562217790067192,9.355310445586737,0.0001445630339110023,0.0001445630339110023,0.9668523931379807,422.36516631928964,13.72373875514279,0.10309602344272828,9.604283634429379,0.00010232294237034461,0.00010232294237034461,0.9476558972598184,213.71961978661187,9.518277400581905,0.15851934121059716,9.262765876146858,0.00015271797177884012,0.00015271797177884012,0.9735426201037869,436.55320072221554,13.760385589969582,0.11374045680551613,9.605809474005662,0.00010474764309819383,0.00010474764309819383,0.9458931748184958
fast-food,123.1690117830754,4.746200911418168,0.45284016511644787,8.004144414869895,0.001250968273853616,0.001250968273853616,0.986300976328616,200.48929518237307,6.422524910869415,0.3121856204088876,8.410379353771518,0.0006613978918120413,0.0006613978918120413,0.9777703395941427,111.01842134133399,5.06164521319388,0.3434570132196746,8.241022380346642,0.0007827090267494704,0.0007827090267494704,0.9876930490604405,206.98287840282416,6.8639687734244355,0.2921083846305728,8.495254578408142,0.000610135805099445,0.000610135805099445,0.9770508236597759
fast-food,313.89502409703493,11.136313736481478,0.16771441224076572,9.186891299064241,0.00030829326508243827,0.00030829326508243827,0.973337031515905,510.0235621912299,14.045586869482928,0.1381596018922095,9.393062011458058,0.00023585307392917,0.00023585307392917,0.9567193016525205,299.0960017505959,10.727484447778776,0.17548995654536145,9.149277389311544,0.0003315875463970401,0.0003315875463970401,0.9746459624507227,551.3677734664795,14.85894743416605,0.13289695108782942,9.432705455264346,0.00023608438974297773,0.00023608438974297773,0.9532105215477347
fast-food,114.47729602932846,6.618102591188741,0.23803793348749075,8.774223724332233,0.0008291713701146804,0.0008291713701146804,0.9867921293444134,217.4127111450349,9.596859984268885,0.16804517089155116,9.134860688325373,0.0006185319191337761,0.0006185319191337761,0.9749191030398231,135.9842978040265,7.582804731698923,0.19817554881813054,8.9239139039318,0.0007245906406797213,0.0007245906406797213,0.984272695394582,242.20113393872208,9.960156383857004,0.17086226485593786,9.161610280811884,0.0006228694519510355,0.0006228694519510355,0.9720539602630363
fast-food,342.884231983877,11.253596275162595,0.15404762697386765,9.245328254255565,0.00017671531803525065,0.00017671531803525065,0.9520722452897841,548.6062188206939,14.73998388745963,0.11083893440434937,9.507013134920813,0.0001279805102686555,0.0001279805102686555,0.9234659722190625,345.8220878396686,11.382672403767875,0.14991577409782283,9.258076458336827,0.00017651502754881804,0.00017651502754881804,0.9518313724766486,530.1152910552819,13.99016129282212,0.12454293327330575,9.428741493340798,0.00014832192200597412,0.00014832192200597412,0.9260346038539656
fast-food,151.58436441982482,6.834472145275425,0.2809046612287732,8.750113729643967,0.00038301992866431674,0.00038301992866431674,0.9796005279229162,300.99765539761495,11.045321241478677,0.13606399851830897,9.33270742976798,0.00015313485594205196,0.00015313485594205196,0.9596248015530685,210.16353744234345,9.372155836919424,0.1559432921055172,9.189951096285954,0.00017681922652622878,0.00017681922652622878,0.9718228845859185,325.7098738683002,11.362740849647443,0.13890594950880694,9.343238995945063,0.00015701199461003263,0.00015701199461003263,0.9563058808090688
fast-food,504.3864948608278,13.858656038001165,0.1347111253142008,9.57484845028651,0.0001153318508110102,0.0001153318508110102,0.9222965230331996,812.4404564457491,18.445432115688046,0.0884362171689571,9.857679019940283,7.873127792551966e-05,7.873127792551966e-05,0.8752100503128628,493.0284924895221,14.580894400910404,0.10817650595660214,9.658178082189034,9.574591492425138e-05,9.574591492425138e-05,0.9243234753688018,808.2390654769437,18.648402483655786,0.08470041928387242,9.870825573194155,7.642438092599623e-05,7.642438092599623e-05,0.8758393525871224
fast-food,454.9038519866562,13.124310301434623,0.15085863776081024,9.436446484852977,0.00015729789768414705,0.00015729789768414705,0.933236959649148,743.2234993696692,16.830158063160777,0.1145943897325047,9.661638099015294,0.00011829731507870543,0.00011829731507870543,0.8911040323576288,436.86439217211165,12.685776308968094,0.150447810141571,9.407326275781577,0.00015611951316176878,0.00015611951316176878,0.9360253694418836,680.4684830890282,16.04317128207761,0.11630223438741623,9.62144340783795,0.00012176281928196015,0.00012176281928196015,0.900300522842108
fast-food,232.36453851302227,8.210418117990946,0.30169012755759017,8.649070422938113,0.0007250035555686082,0.0007250035555686082,0.9738125319323591,390.22208213995077,11.454126868841824,0.2037722425629023,9.06481955198741,0.0003398138578538848,0.0003398138578538848,0.9561021052566223,309.94924560767254,10.325598612548754,0.22887159881340943,8.968392659212592,0.0003927308696337615,0.0003927308696337615,0.9651437376563486,521.4532385931459,13.166852812399341,0.1854157736861145,9.17258043439424,0.0003102112801966123,0.0003102112801966123,0.9413355407604383
fast-food,294.5325102290497,11.73510961352317,0.12760616693430607,9.481190616641243,0.00012109301853678023,0.00012109301853678023,0.964841914853867,481.90964127865817,14.75494912118391,0.10349450828786762,9.695104731441456,9.652781666966465e-05,9.652781666966465e-05,0.9424885487293426,253.997609106983,10.90264180823479,0.13260716025914845,9.419059665294723,0.0001278498895691729,0.0001278498895691729,0.9696896532644663,458.20509592110267,14.74479281760851,0.09899989803074181,9.697358491737786,9.454303538720978e-05,9.454303538720978e-05,0.9453138467347479
fast-food,211.97079593328638,8.723198203290519,0.19111684575748575,9.156072313307599,0.00019749134412913445,0.00019749134412913445,0.9785417671685475,368.21036550781804,12.139563024193103,0.14154252580965132,9.468201251473838,0.00013859953885102697,0.00013859953885102697,0.9626989175151872,191.36548142653234,8.524235978106763,0.20720904173863336,9.122787045307922,0.00021853800061158029,0.00021853800061158029,0.9806778879736306,332.4071810542514,11.06261298398735,0.1663164787011882,9.363159305347827,0.00016408610065799764,0.00016408610065799764,0.9663236729149726
fast-food,304.9692121403518,10.913690805233273,0.167527902656425,9.279754801388293,0.0002204179936094806,0.0002204179936094806,0.9646607279249848,530.0902698713566,14.650168669617148,0.11766091737571845,9.560932153107576,0.00015129396999890326,0.00015129396999890326,0.9386570181083613,294.80142260299056,10.890702839917422,0.16270827155205464,9.288305193401385,0.00021431097686650208,0.00021431097686650208,0.9658775551228952,498.5695428152409,14.133263367736207,0.13198343004478724,9.516670390091075,0.00017165775316041468,0.00017165775316041468,0.9423012002389047
fast-food,189.1598439786941,7.6503456759366095,0.32846293081159256,8.384184801228672,0.0016145050125241788,0.0016145050125241788,0.978772133436812,389.29825696512205,11.103654448792499,0.27011219962021116,8.717498614690012,0.0011930268026610882,0.0011930268026610882,0.9563693932603708,241.90433534130233,8.604310371734362,0.33212664837590317,8.425035156681833,0.0019604122477953827,0.0019604122477953827,0.9729241860694152,331.8575571424141,10.20003741931472,0.2715243098920559,8.671176602340807,0.0011844229849226455,0.0011844229849226455,0.9628032926234696
fast-food,216.67204007906895,7.801342785086263,0.3098680752532914,8.792133197070118,0.000673506386813624,0.000673506386813624,0.975724815917178,421.33252299199955,11.476316348123731,0.23239013395466193,9.179001584143498,0.0004802001201694411,0.0004802001201694411,0.9526948062833527,253.37213268583236,8.69966232645422,0.28506948602050536,8.912403707902268,0.0005846420629994994,0.0005846420629994994,0.9715282013675046,372.1240369008264,10.557861286323698,0.2414794793791363,9.106021784924332,0.0004922764465854431,0.0004922764465854431,0.9582159328831056
fast-food,62.56180504330319,4.231313007130686,0.37902646728167955,8.293239808803785,0.0008580879588532331,0.0008580879588532331,0.9932863717094192,143.22345993642227,7.18541050093167,0.23988029892091142,8.825513837862102,0.0005176582599314487,0.0005176582599314487,0.9846168115967406,103.59531951344941,6.190830906287561,0.27713194001051816,8.675156311995394,0.0006395332229408891,0.0006395332229408891,0.9888866567054198,165.94711709736515,7.654510701268688,0.23840964231360254,8.877970723852526,0.0005007271530723732,0.0005007271530723732,0.9821756146019455
fast-food,433.19645143161193,13.096551347300444,0.15232095992383354,9.509337895569118,0.0001610335002130889,0.0001610335002130889,0.9608070521687999,891.8964276776596,18.687515640640548,0.11429132237922757,9.807646740612899,0.00011651076757320658,0.00011651076757320658,0.9191975812991768,528.1223594995404,14.169712343996968,0.14054917563578015,9.571307575801828,0.00015146237602285982,0.00015146237602285982,0.9520892714413856,744.4526539743016,17.474070365909096,0.10950186649245981,9.77699944752537,0.00011319393146036791,0.00011319393146036791,0.9325603359413484
fast-food,291.7156016068808,9.688967738512886,0.27107008151480116,8.341360086336975,0.020240305130195636,0.020240305130195636,0.980078027734142,605.296759447196,13.090165381153552,0.23745800932242328,8.557527861935393,0.018766261628277794,0.018766261628277794,0.9587586042558649,422.1266744527579,10.665259860912109,0.2608325713158399,8.40407096705042,0.019388235516415248,0.019388235516415248,0.9711713532686059,611.7040004235207,13.422188498120518,0.2333018774596926,8.582951393728337,0.018678290769990707,0.018678290769990707,0.9583293084187129
fast-food,264.98298473228897,10.709460988149564,0.13335080603478938,9.39904174771738,0.0001293845481479263,0.0001293845481479263,0.9687778974532882,620.3919714986587,16.59268403206493,0.0889746594214512,9.784721391826126,8.433670276729282e-05,8.433670276729282e-05,0.926943882109157,379.94780847203737,12.598759541984448,0.12744653641788234,9.535660765143351,0.00011479081838541974,0.00011479081838541974,0.9552497916492076,448.647723010567,13.53192004750876,0.1199443468729032,9.596330682134012,0.00010664567075029966,0.00010664567075029966,0.9471769355310224
fast-food,908.2250862615658,17.088454386172643,0.16361409762349366,9.432146911852929,0.0015109027266621085,0.0015109027266621085,0.9186832043724195,1523.72913519134,23.68818241237825,0.1197741848524435,9.734344106663562,0.0012502957359090978,0.0012502957359090978,0.8638198685625111,1034.2472571121866,19.063488996242466,0.14023476418167377,9.560497252500822,0.0013433050715850024,0.0013433050715850024,0.9074531917233076,1703.270157965229,24.845247657295467,0.12117459897962257,9.762421640891095,0.0012431552322632762,0.0012431552322632762,0.8477979157008148
fast-food,214.038470290303,8.787103167320964,0.2508016914960193,9.007019829889478,0.0003666388784201906,0.0003666388784201906,0.9748346849238245,449.07332794357416,13.309635454947172,0.17898747953462163,9.421827076525657,0.00022599667067184524,0.00022599667067184524,0.9472543214626905,281.27912567824245,10.432477539076947,0.20959191928901633,9.209808016309958,0.0002721812543488505,0.0002721812543488505,0.9669381427035396,391.38634225919424,12.399525293201245,0.1692602806381841,9.374619129454603,0.00022262035031504117,0.00022262035031504117,0.9540278813781308
fast-food,761.2520832846114,14.039311522180986,0.15929594716575263,9.464770814076923,0.00014723819549875,0.00014723819549875,0.9109452881609084,1158.461361204166,18.782454166959045,0.1263738052572835,9.757871344212472,0.00010752004905194533,0.00010752004905194533,0.8647416445743029,559.4320586924101,13.153035126277649,0.1563201994393324,9.47425636789205,0.0001444301803929251,0.0001444301803929251,0.9347670608755927,1142.59834848918,18.807623199273934,0.1111155829654616,9.772136945383805,0.00010203717116111699,0.00010203717116111699,0.866527929417601
fast-food,90.84643976031956,5.381902241688793,0.34575741611040883,8.544755165396493,0.000620469591422162,0.000620469591422162,0.9904982729508341,236.39016894265956,9.028888277884889,0.22472106381617243,9.07382437377309,0.0003144067978377082,0.0003144067978377082,0.9753057061878987,153.76608901815845,7.233739887077548,0.2490673472928008,8.887283653531005,0.0003782349772260221,0.0003782349772260221,0.9839417808537287,221.60373312151592,8.886986008431759,0.20732924217465198,9.08246044798499,0.0002977061008387818,0.0002977061008387818,0.9768494742094588
fast-food,305.84297068074704,11.269251291844265,0.16720912694849657,9.371661902649077,0.00014924728703248445,0.00014924728703248445,0.9542784411833276,545.6915457235477,16.236959278568637,0.09379665678568588,9.737025248934122,9.025459300477527e-05,9.025459300477527e-05,0.9184816893744397,358.54620153616764,12.620851877190974,0.14177368512432362,9.487820084195265,0.00013480941981153292,0.00013480941981153292,0.9464744044538067,586.0636737626671,16.90961411121631,0.09211630984942745,9.774086381384356,8.713063581261698e-05,8.713063581261698e-05,0.9124505809480187
fast-food,378.57164113515586,12.404759885589057,0.14167927810565722,9.442226123643012,0.00016276577368447477,0.00016276577368447477,0.9566972274525478,613.0466708970582,16.01721816380862,0.10675080457391022,9.683692924149126,0.00011680300822308961,0.00011680300822308961,0.9300179363387246,319.1532145096089,11.356711115926553,0.1443903957954379,9.381099448636078,0.00016362180587258838,0.00016362180587258838,0.9635660395235416,600.4443876998396,15.594348236532303,0.111726557251277,9.653976522436194,0.00012097403590227876,0.00012097403590227876,0.9314477246237957
fast-food,214.5004310809412,8.960917894477543,0.22217117652887974,9.08253144229312,0.00035082450005301984,0.00035082450005301984,0.9783810876702872,415.2799876156168,12.85353148341652,0.16074260891742925,9.434771298600769,0.0002208268915416145,0.0002208268915416145,0.9581523959246443,292.3627107883302,10.877305315969826,0.1808448356329768,9.275503968272888,0.00026882311661402785,0.00026882311661402785,0.9705297264369569,473.808365849128,14.06824445683137,0.14942349473244557,9.500881273302575,0.00021650952469184033,0.00021650952469184033,0.9522461048583262
fast-food,140.19964302749727,7.100967826314488,0.2521145644961226,8.885309398961189,0.00034137287067631186,0.00034137287067631186,0.9847956127805425,355.6114373699226,11.813599189124242,0.15841518048020095,9.378019412555737,0.00019788654623327132,0.00019788654623327132,0.9614107239862237,240.29103444006077,9.853442072439831,0.18399863243239126,9.213164908676932,0.00023692681241485486,0.00023692681241485486,0.9739612355849362,328.381244535908,11.390134078125847,0.1705668463016316,9.33229466823242,0.00021889946785643813,0.00021889946785643813,0.9643634466216742
fast-food,805.15812844796,13.606931024585808,0.19411338002694667,9.345851701556013,0.0002357201087168438,0.0002357201087168438,0.9333387962984,1386.009842032558,18.744139081569735,0.12729061611329662,9.634280318752754,0.00014999524198987225,0.00014999524198987225,0.88551831249527,753.8961711459516,13.045755766490727,0.187364891090848,9.318556443973844,0.00022213136804700247,0.00022213136804700247,0.9375487255846366,1404.746688384781,18.890922301802416,0.1435097659754548,9.634593209559483,0.0001568134643769072,0.0001568134643769072,0.8839431937170164
fast-food,551.6929001721253,15.430278255880271,0.10379772693953808,9.754691643480816,9.366110660163394e-05,9.366110660163394e-05,0.9511006241654008,993.944998669354,21.35679299159109,0.07475058488717129,10.040656467000025,6.612229294948795e-05,6.612229294948795e-05,0.9120081005201008,529.2231017782227,15.475003418274369,0.0998024771836549,9.763094448821352,9.017789949327822e-05,9.017789949327822e-05,0.9531222520650341,806.9516515457661,18.63767438179456,0.0837851585709894,9.919523830645021,7.551254729449263e-05,7.551254729449263e-05,0.928540593876328
fast-food,317.5256279902888,11.204848441056447,0.16022782510182923,9.203775661154339,0.0002232091442710112,0.0002232091442710112,0.9537346528019601,632.0875070474295,16.179307205701896,0.10874788720549315,9.5440304279318,0.00015033418813170663,0.00015033418813170663,0.9079547213407974,351.68151291856657,11.853812351667123,0.1499448366780065,9.253631510500266,0.00021625807025326188,0.00021625807025326188,0.9487994495936,527.8274304225963,14.964101263726715,0.11185355132711343,9.48592430135991,0.00015564879700786716,0.00015564879700786716,0.92316336078737
fast-food,145.69795663424838,5.956076559293355,0.3670218014496237,8.3013516860814,0.0010135102929120187,0.0010135102929120187,0.979421587052236,331.72500614374906,9.632470230781434,0.28645314221159435,8.744612460881486,0.0006884509749199051,0.0006884509749199051,0.9532036391109896,215.84644073293583,7.665130868974412,0.3270781341648677,8.535947258361233,0.0008743870586520977,0.0008743870586520977,0.9694833666343563,307.9098769983557,9.384489057210981,0.26684386278673144,8.760011546806346,0.0006373719219204001,0.0006373719219204001,0.9565751729169958
fast-food,94.69482353846844,5.105861524843115,0.3780491743322291,8.094233865959586,0.0018929185990948724,0.0018929185990948724,0.9857731918304656,166.1949382763923,7.253860144731397,0.28241013374133545,8.484676409578455,0.0012320203514186712,0.0012320203514186712,0.9750772169485753,105.2057562199068,5.618615596600093,0.32398703381370697,8.261485370232576,0.0014793390813333915,0.0014793390813333915,0.984201365847091,202.7244822141786,7.797096065137416,0.27402143904476345,8.537063219016352,0.0011964691211439776,0.0011964691211439776,0.9696012295661596
fast-food,636.2060291153249,10.178938409853744,0.3368409075880957,8.26099599054602,0.0023423301452506744,0.0023423301452506744,0.9383830985522063,991.3776126501938,15.074100997047475,0.2344117509121797,8.726455401536045,0.0012868872729388356,0.0012868872729388356,0.9040975881859606,429.5129818828432,10.401729122151767,0.26797861974051623,8.496842423983146,0.001537458246313461,0.001537458246313461,0.9584623948060615,890.1854813378964,13.799926410539403,0.23961975652876485,8.658210779090219,0.0013295344621412845,0.0013295344621412845,0.9138663008147565
fast-food,240.07113775734146,9.526593789858095,0.2009992403515592,9.209653930076952,0.00022664733335272955,0.00022664733335272955,0.9760162198098863,518.4072985001421,14.20497500216786,0.14252167641751562,9.579419306010823,0.00014444347433488432,0.00014444347433488432,0.9482484667633655,294.8844854892681,10.61443334755587,0.17881310503585832,9.314762282042024,0.00019329674677847,0.00019329674677847,0.9705568040732403,455.6288428886202,13.538586033741623,0.13447946184382498,9.545511785249053,0.00014405933199630115,0.00014405933199630115,0.9545256981562105
fast-food,240.75984744909059,9.359660358350718,0.28627375421802426,8.651101976950967,0.0020718285381379105,0.0020718285381379105,0.9777390324194568,521.0647000317057,14.043193415405216,0.22148267856197928,9.006495340649124,0.0013897540164815366,0.0013897540164815366,0.9518916128344705,252.74573076951032,9.78737246463657,0.27326013121857845,8.675682328687822,0.0019881060192245164,0.0019881060192245164,0.9766218511297021,361.3452494233025,11.539208477508769,0.2504183620305464,8.860387796880728,0.0015143422793119934,0.0015143422793119934,0.966634024482037
fast-food,486.1477444252554,15.033915316745054,0.10363435449776291,9.70033805696301,0.00013271399205984938,0.00013271399205984938,0.9557617511331226,895.7252716395215,20.962013369421545,0.06995558093357607,9.984922619740326,8.750125907769158e-05,8.750125907769158e-05,0.9185569099580243,540.2470041039549,15.41468829392235,0.1103734215388002,9.714390154602581,0.00014512466902580663,0.00014512466902580663,0.9508812024282597,859.795524041271,20.514532434710734,0.07106344557466664,9.969479750751695,8.797947157073205e-05,8.797947157073205e-05,0.9218304672515373
fast-food,111.88711440728233,5.096014064531199,0.39577922598202003,8.211483333303116,0.0008885145071392029,0.0008885145071392029,0.9868810700068271,233.79018302459477,7.57161751775204,0.310924875065989,8.587344903002778,0.00061165664726658,0.00061165664726658,0.9727004671020889,114.7412953059983,5.428223410576277,0.373369084570425,8.30520533819358,0.0008478151581083077,0.0008478151581083077,0.9865471995553811,184.63325598923993,7.133322495307611,0.2950477504651975,8.594936696944753,0.0005642731527246706,0.0005642731527246706,0.9784422763087489
fast-food,468.3784397645157,12.248476795270147,0.22641403663278065,9.085717135717195,0.0007692414750286038,0.0007692414750286038,0.9603943159926374,765.058272987405,16.050700908029665,0.19437455535748144,9.318804032580369,0.000658766064982393,0.000658766064982393,0.9353118849582345,314.01334713951735,10.075992751745789,0.2728812356871538,8.872173214480336,0.001124641881141499,0.001124641881141499,0.9735003367265721,615.9967972559531,14.215844284651672,0.21057494689512823,9.218976302974191,0.0006931734851754861,0.0006931734851754861,0.9479181426946806
fast-food,323.95306947387564,10.419364751676552,0.20184202378717953,8.887281869398958,0.0007839510066824076,0.0007839510066824076,0.9777214434940414,729.636428009235,16.554193548379516,0.13387905626686683,9.266984495011524,0.0004774457253472734,0.0004774457253472734,0.9498728122013219,496.02873522432276,13.348268710621465,0.1678181211071867,9.086937606233079,0.0006024687204137103,0.0006024687204137103,0.9658764687548261,714.5510228185668,16.187437993102566,0.13736553320576825,9.24768199259639,0.0004989108780011827,0.0004989108780011827,0.9509038949883388
fast-food,238.93481022265036,8.599929697299023,0.33726342044424784,8.364968445385637,0.0023529172740758587,0.0023529172740758587,0.9764208488317607,456.2112724454049,11.811534558124242,0.2987178202463415,8.615583359796629,0.0019544163237422162,0.0019544163237422162,0.9550103410609618,326.6293039296384,10.334072159586361,0.3193649054200578,8.497717930169758,0.0023368034380593194,0.0023368034380593194,0.9677623135642651,508.86379796596736,13.000782953972815,0.27630158091062934,8.735887463679154,0.0016818611131584767,0.0016818611131584767,0.9498108148869393
fast-food,303.40084243346865,9.535503064369681,0.25979589872294484,9.136840410297543,0.00025642102529678274,0.00025642102529678274,0.9684322607741784,601.3840965031183,14.55325683695321,0.16264980974747215,9.585365114408544,0.0001421507152039586,0.0001421507152039586,0.9373947372923006,321.35984342457783,10.745708539828051,0.19930238919440232,9.320450495305685,0.00018846135352467992,0.00018846135352467992,0.9665995423049116,472.1721967429557,13.203238378227585,0.17216849948028723,9.508376675963225,0.00015389685461075542,0.00015389685461075542,0.9508508879087603
fast-food,329.8145960516822,9.907325774994055,0.28096630272018275,8.702754702997586,0.000949698370589374,0.000949698370589374,0.9650259350948,701.3433807322526,14.498126059312447,0.22085218230068113,9.040407069591653,0.0006533406999559883,0.0006533406999559883,0.92570350712892,502.43635581817927,12.191844307661137,0.2542318284607679,8.880489870877522,0.0008022341558970966,0.0008022341558970966,0.9467698556635421,710.9882385707974,14.809573071261022,0.2155728099108705,9.058616919828635,0.0006368296606033926,0.0006368296606033926,0.9246809261615616
fast-food,122.52862148292618,6.708384356751022,0.2384681051214139,8.722355983090633,0.0006420394991501267,0.0006420394991501267,0.9813606154536293,279.7056996065351,10.450880346477245,0.16860506903780645,9.137061595157467,0.00041942328269143004,0.00041942328269143004,0.9575234632255318,176.78474904159287,8.099143276241882,0.2125295335723306,8.895029544884434,0.0005138135992717323,0.0005138135992717323,0.9731314850046013,260.6020580762496,9.901915822699685,0.1817735124695199,9.080086721977901,0.0004302223834320211,0.0004302223834320211,0.9604230170371544
fast-food,246.30314525572663,10.023535815012035,0.16568793772744939,9.368934230024577,0.00013335748567633028,0.00013335748567633028,0.9727789255029803,421.0106473700339,13.37151538735425,0.12328712484181713,9.62936338795525,0.00010020437987996175,0.00010020437987996175,0.9534827091639037,270.9302849382657,10.753508938996092,0.15046570654029687,9.43527727018386,0.00012394657947981797,0.00012394657947981797,0.9700616568410975,468.4193927554531,14.038805377129565,0.1185771102476793,9.67194523962952,9.419539117796723e-05,9.419539117796723e-05,0.9482618101297299
fast-food,211.1009814854561,9.026978728709803,0.18789872590329343,9.213918336262894,0.00020199734920289247,0.00020199734920289247,0.9777201597955096,486.05804938478474,13.54905768053026,0.1404417419392318,9.573629244252633,0.0001391080803593302,0.0001391080803593302,0.9487599305750514,295.57335932876236,10.127660759667053,0.1891714126627534,9.289653668511846,0.00018919623044072917,0.00018919623044072917,0.9687801000313202,447.3849092844986,12.810078571379504,0.1382607422598145,9.52318103438886,0.00014239169202137912,0.00014239169202137912,0.9528381135037651
fast-food,169.3995559372122,8.580360665630069,0.1685784125062032,9.183659728030902,0.00016485743643363863,0.00016485743643363863,0.9781999687564017,331.4066420033415,12.464497225374906,0.11056860027111483,9.532313113585202,0.00011030115777970861,0.00011030115777970861,0.9573819521099419,210.2970682974719,9.404003859141335,0.1581735310275323,9.259837136047958,0.00015550826136196007,0.00015550826136196007,0.9729500636571152,360.9869363838436,12.141010895413494,0.13554520323805117,9.488448802123772,0.00012413199441539257,0.00012413199441539257,0.9535854957411151
fast-food,297.99024832309186,9.81098477220252,0.24119371258959726,9.09708192141927,0.0004054638434599666,0.0004054638434599666,0.9734754631818625,561.5859648032907,13.769031235923514,0.18708307495191778,9.409514095400976,0.0002778762679124906,0.0002778762679124906,0.9500932773489246,349.2587788871246,10.513529905757007,0.2538038600973717,9.131743618988313,0.00039427219962153174,0.00039427219962153174,0.9690296167652354,559.9525591942253,13.477592004410706,0.1933799620807774,9.384139693400364,0.0002787555324891257,0.0002787555324891257,0.9502377922701265
fast-food,305.30543930905463,12.267683017627931,0.11560716175300072,9.581976181469399,0.00010121087854080051,0.00010121087854080051,0.9648446907679474,601.1078893716895,16.95356164665621,0.08954014253211474,9.868633308209306,7.50926038392513e-05,7.50926038392513e-05,0.930793138148534,280.0482944585378,11.344145063828178,0.1318624686044509,9.501898317476535,0.00011312724756498799,0.00011312724756498799,0.9677360637841574,442.79837929115683,14.637121851767759,0.09893862107827915,9.74700799513372,8.43042892292488e-05,8.43042892292488e-05,0.9490221319234046
fast-food,241.51142877800714,8.718768398111868,0.26710818294017835,8.935694097245177,0.0004217527705154957,0.0004217527705154957,0.9779646335509933,404.1482850751883,11.690402220289199,0.20676888560301376,9.23956286575119,0.00028729611711418785,0.00028729611711418785,0.9631358734129336,202.93547300099823,8.077974659920239,0.27520557093121867,8.88330332683415,0.0004505350722691546,0.0004505350722691546,0.9814892999314972,394.5277635400895,11.293876748002686,0.22525836590911094,9.179682540488017,0.00032409284622022795,0.00032409284622022795,0.9640140340271974
fast-food,270.9889862183524,11.22149705652593,0.1343754670419307,9.424143049124227,0.0001441799596021867,0.0001441799596021867,0.9739865750276658,474.92541147667134,14.809635883182201,0.1095390281158267,9.67287873088643,0.00011278757610955945,0.00011278757610955945,0.9544641253418046,268.1598416325294,10.889269129926832,0.14900941327021192,9.391049209028207,0.0001555673287607878,0.0001555673287607878,0.9742548157844104,531.1272658510975,15.588225715801324,0.1040374177299978,9.721072769084763,0.00010581555853582629,0.00010581555853582629,0.949081888871388
fast-food,199.17863562507796,8.879967660656657,0.2002912904118852,9.14827142914521,0.00025903019948759294,0.00025903019948759294,0.9806456557253099,510.9019384264517,14.828380450596416,0.12695061784548126,9.612469960364892,0.00016196803954886553,0.00016196803954886553,0.9503624548005597,365.78409430960676,12.538602680607026,0.1487180081748731,9.455435907202965,0.00020401202348369892,0.00020401202348369892,0.9644289929985441,486.22522706719525,14.418928164196808,0.13154272619546137,9.585698610314472,0.00016935088312427325,0.00016935088312427325,0.9527526872930006
fast-food,538.4652996605239,13.363611453623083,0.1754603613331921,9.500619497850698,0.000176288915297331,0.000176288915297331,0.9482506941246679,910.6758623324259,18.03678520951924,0.11443631006577776,9.803985050052953,0.00010774756410301428,0.00010774756410301428,0.9128439596360968,488.9868414002025,12.575977709224706,0.15623327770512974,9.473880494880444,0.00015465970435799134,0.00015465970435799134,0.9531518071758495,908.9126804036661,18.2205413830243,0.10886722741887517,9.821575938729918,0.00010539569367223734,0.00010539569367223734,0.9129990679905867
fast-food,141.10404516833475,6.604777062663958,0.29382769803406134,8.66708263262544,0.0004486104263350789,0.0004486104263350789,0.9820645128708683,231.76814608442157,8.879176140993435,0.2199116994868855,8.96663364894941,0.00031726739832908243,0.00031726739832908243,0.9705810680370721,167.02368895240681,7.514197837703463,0.2646730800366405,8.775197591858586,0.00044532919015539886,0.00044532919015539886,0.9788608204303594,323.114592304647,10.388957426503152,0.21172230677699647,9.067384866409732,0.0003093663420156654,0.0003093663420156654,0.9589917394347576
fast-food,321.33617686949066,11.319593428271997,0.1557920794560614,9.397421351435238,0.00020156785347530344,0.00020156785347530344,0.9739188941302787,659.7483223036725,16.4834090169398,0.11204750594739502,9.723906545911708,0.00013071932855038268,0.00013071932855038268,0.9464539914519099,440.02649489171336,13.265739578004384,0.15010066498790867,9.523059455109157,0.00017978542068959437,0.00017978542068959437,0.964273023342691,636.1725166589247,15.842143189214571,0.11734328911897092,9.685389588292466,0.00013649984922389452,0.00013649984922389452,0.948354550036505
fast-food,117.65313594192662,6.262817236179529,0.28909283591391954,8.60343493832953,0.0010125273123869245,0.0010125273123869245,0.9863387167473446,276.60380031668024,10.076769217947732,0.17704126154849253,9.060936446754042,0.0006645523632511257,0.0006645523632511257,0.9678922875952644,190.48685956824687,8.21504914438167,0.20929598655687953,8.86909304656163,0.0008304619464936816,0.0008304619464936816,0.9779248221994151,272.7540612618995,10.122184042157535,0.17209457170371925,9.076476022150407,0.0006305879678110321,0.0006305879678110321,0.9683394474059261
fast-food,347.92482824099955,10.94019094589425,0.23926888663644108,9.005273236049124,0.0008049807272634613,0.0008049807272634613,0.9766534460033207,618.6998797219275,15.053431230008274,0.1692074441959266,9.323958454669073,0.000559860226021168,0.000559860226021168,0.9585554161891866,360.35138106181887,11.29199970862271,0.21394715235786355,9.079201604057449,0.0007794883392593962,0.0007794883392593962,0.9758231355747781,613.5276279967462,14.99947796896911,0.17053267614913586,9.318004783920713,0.0005566605687201398,0.0005566605687201398,0.9589042550104404
fast-food,74.69615079669458,5.317711450420734,0.2730097621457999,8.722322733551755,0.0002753804949465907,0.0002753804949465907,0.990863009397943,153.92238012388825,7.876097656109811,0.17859139353117728,9.112497793221516,0.00017091617533744377,0.00017091617533744377,0.9812037961967829,114.2977853055137,6.874427079323592,0.19892241032354624,8.987082678836313,0.000193065694180322,0.000193065694180322,0.986045204377037,188.50692199542374,8.717640056238094,0.1672786573812898,9.204494910607778,0.00015589428096594228,0.00015589428096594228,0.9769810215685737
fast-food,176.20961535285434,8.582404333679717,0.1993797749205382,9.088854472721524,0.0007698842995685108,0.0007698842995685108,0.9830760523819037,339.9136530084255,12.30341304545513,0.13970570695317325,9.42084847301851,0.0006632762068502233,0.0006632762068502233,0.9673925733757555,226.8213863514284,9.895234158641076,0.1633462606027278,9.231967110755884,0.0006825788953681199,0.0006825788953681199,0.978219324271058,359.8232969903424,12.587524901427784,0.13979838446061568,9.445804104164946,0.000649501897682939,0.000649501897682939,0.9654813541451587
fast-food,337.4158329708537,9.6179394767911,0.195898715743874,9.11722028315772,0.00023000787128693286,0.00023000787128693286,0.9655488387567971,505.4912844536286,12.946018084755007,0.14266286059108244,9.430145781368628,0.00015790543409506595,0.00015790543409506595,0.948283852770355,321.6019319155557,10.418555737320993,0.18218966073027443,9.231505443894617,0.00020860196922998652,0.00020860196922998652,0.9670738342550977,626.4655329415875,14.370440129197874,0.13850533176757587,9.50132197866844,0.0001526125020428813,0.0001526125020428813,0.9359205531911893
fast-food,223.7677688902192,8.447675529308066,0.2640673208200442,8.869975949621011,0.0005857773615646015,0.0005857773615646015,0.9825279439353305,449.14483445356444,12.893867728819115,0.1656111401477757,9.299884411359342,0.0003547808710333934,0.0003547808710333934,0.9649997935501798,272.16075465425183,9.929637632978764,0.2024260674681512,9.072823529012926,0.00047309036220338286,0.00047309036220338286,0.9787792162767195,420.3638514214615,12.160406723386481,0.18433312351311987,9.24145512112534,0.0003741222329248612,0.0003741222329248612,0.9672425430572716
fast-food,199.81439727148478,9.334004660709809,0.15610381106337892,9.082495391678352,0.00021083794674404927,0.00021083794674404927,0.9702476193792879,383.26795214309794,13.264575831494263,0.10596000400833108,9.418473101536792,0.00014310759295723676,0.00014310759295723676,0.9430146502830528,251.88064141296366,10.746688356960222,0.12713967063371304,9.229668816713541,0.00017155019019453034,0.00017155019019453034,0.9625242327899304,407.92679282096935,13.730949099524851,0.1031262962945471,9.445730100451778,0.00013768039284917642,0.00013768039284917642,0.9393517849818892
fast-food,320.4565816541356,10.38608293686404,0.2188584778653849,9.029098596840573,0.0004526634635041121,0.0004526634635041121,0.9610946086277371,542.4143463747464,13.67193263386017,0.1676898058645219,9.294661135027225,0.00032885153353975156,0.00032885153353975156,0.9341848723458708,289.7874410024212,9.4398683884775,0.2310271035760521,8.933834897059207,0.000513855433331419,0.000513855433331419,0.9648470365055541,515.9278473749787,12.770934939912344,0.2001408841150866,9.186657186909096,0.0003742762176775443,0.0003742762176775443,0.9374128243860381
fast-food,186.4075381612616,7.679818661109485,0.26330440676819966,8.6177406441866,0.002864772669463096,0.002864772669463096,0.9827205326970957,401.0174640102362,11.604417137681995,0.20335729988983503,8.968666322672636,0.0022765927379602906,0.0022765927379602906,0.9629168395191335,272.96024703904965,9.469991791423544,0.23448082094087175,8.797760738482461,0.002603815167571546,0.002603815167571546,0.9747276673855253,410.1316848987976,11.518648273279096,0.19883097591944698,8.964093188534472,0.002201552973480722,0.002201552973480722,0.9620816506033045
fast-food,208.80167982717484,8.31857121573308,0.30431046409733215,8.242794132639201,0.011121490430436386,0.011121490430436386,0.9829735805347916,350.2203273072488,10.970024762152924,0.2509662771924694,8.49559599277147,0.009919037699495523,0.009919037699495523,0.9714144428110157,197.92327852339565,8.0841268804972,0.29218916715659266,8.251210758703708,0.010475413430244973,0.010475413430244973,0.9838215146142227,373.2683040326029,11.448966486426086,0.2466349988572079,8.526433770355979,0.009953591757215838,0.009953591757215838,0.9695332158385528
fast-food,359.54347959560454,12.890528426998436,0.10690208880867556,9.538320719156287,0.00010235588001079125,0.00010235588001079125,0.940265797655798,631.316566300642,17.299409098143396,0.07919050751586842,9.80854954284853,7.656002281770782e-05,7.656002281770782e-05,0.8952049641751676,378.4573132212755,13.34596243625096,0.10170469814206969,9.5724382417942,9.820287253348933e-05,9.820287253348933e-05,0.9371037650460374,590.5118943726117,16.812462140268202,0.08116935001333857,9.784587991654002,7.829474991874537e-05,7.829474991874537e-05,0.9019885116815104
fast-food,84.51110970748553,5.491697546460051,0.2843792662466571,8.347481186980461,0.0016177762295723171,0.0016177762295723171,0.9903837603585132,200.51978267906833,8.364111081396848,0.21195460093792978,8.71508448963143,0.0010633046332156541,0.0010633046332156541,0.9772151925450105,139.35294780190617,6.598592094611231,0.25890297347827057,8.488279861589167,0.0013408247253426811,0.0013408247253426811,0.9841720238169338,205.1017540895891,8.209519385084121,0.2157528752004805,8.691398991910887,0.001074578321493741,0.001074578321493741,0.9766942174174694
fast-food,147.76410326022074,6.320312687145225,0.3897953710331997,7.957491355667378,0.009317512163135113,0.009317512163135113,0.9881293875712926,454.7161784107815,10.084094991336983,0.3156002670396112,8.28221229948069,0.008057463800929903,0.008057463800929903,0.9636938611077362,313.4939728319399,7.09156674501086,0.38881834934503984,7.91462395285819,0.008593439454417215,0.008593439454417215,0.9749759213528739,394.74268615435915,8.859834847365853,0.3249819223393207,8.173614011708404,0.00809314838374058,0.00809314838374058,0.9684833549833108
fast-food,284.2718707225331,10.376164467301841,0.16765091677089103,9.299369810493035,0.0004408925250510751,0.0004408925250510751,0.9705610927598779,466.80996531481765,13.647878868730317,0.12454160469813741,9.551940351951403,0.0003042525161409054,0.0003042525161409054,0.951698723317669,281.210850727446,10.079629370209577,0.17169772026291322,9.260298565614796,0.00043984717475294057,0.00043984717475294057,0.9709252140401111,434.41634482621504,13.041682508554379,0.13007083368074668,9.507182762580513,0.0003139082182288941,0.0003139082182288941,0.9550516953350527
fast-food,160.8204971726975,7.881925346846562,0.21097905563242697,8.921897780927535,0.00037195642911341207,0.00037195642911341207,0.9836701658503111,357.24737385579476,11.806360199066722,0.14729533013326124,9.265991094474941,0.0002577331789183564,0.0002577331789183564,0.9637653115461909,240.81270879624853,9.810782043911495,0.1769225322152073,9.107910689679278,0.00031764028964528074,0.00031764028964528074,0.9755893757857318,317.46280042527854,11.607702993194092,0.14592706405226671,9.288144720240112,0.00023963916406731652,0.00023963916406731652,0.9678017516062933
fast-food,484.9914927990504,14.435119811450978,0.12432916179529492,9.576189208941006,0.0001865519307936173,0.0001865519307936173,0.9637971070164523,869.0086520105509,19.52772132930912,0.09557409150313939,9.833710061927015,0.00013710940178855846,0.00013710940178855846,0.9351431710385256,423.1765922610596,13.462950321557505,0.12957613937005902,9.509963621402433,0.00019848738850752315,0.00019848738850752315,0.9684017185786844,764.6779488811118,18.304496636374353,0.09785839482694393,9.787230917379238,0.00013958955127398487,0.00013958955127398487,0.942933248216873
fast-food,124.68890207715424,5.533842729970374,0.4008988239338364,8.412536850783791,0.0007768068586057911,0.0007768068586057911,0.9865377384285304,253.77966998569062,8.086073515382814,0.3187459713345865,8.779922726634274,0.0005503157251780085,0.0005503157251780085,0.9727221280021582,165.96087932075898,6.377192524729991,0.3703133884820701,8.548698203168025,0.000727101567044012,0.000727101567044012,0.9821502077813505,279.10384858983883,8.576222942513319,0.3064327753205088,8.8435166635135,0.0004939358380151869,0.0004939358380151869,0.9700070888343513
fast-food,263.08288936885,10.146333436182465,0.1541110593303318,9.317884501206613,0.00015272375718058349,0.00015272375718058349,0.9706676069546252,507.9324615437569,14.562462576137015,0.10772923499482404,9.663476259653242,0.00010209303477897554,0.00010209303477897554,0.9435167335482041,316.15577283501335,11.265634474395707,0.14173031252756368,9.428969292892772,0.0001334239294991473,0.0001334239294991473,0.9648354773790254,504.1698988369553,14.48976670566387,0.10705804453075267,9.661079970735775,0.00010280250537197072,0.00010280250537197072,0.9439353931874249
fast-food,211.76126639074081,7.445964283035464,0.28305885609795317,8.876286709051955,0.0003113563079142606,0.0003113563079142606,0.9814293284491378,459.2438100586991,11.91334424635127,0.17014673151215867,9.340370087647623,0.00017140881705444275,0.00017140881705444275,0.9597777682703632,291.5887140420373,9.617843514719102,0.20845511129656366,9.15433392284755,0.00021294949400332426,0.00021294949400332426,0.9744663888410383,420.55398954930644,11.400660188058117,0.17517632500763794,9.303990761085654,0.00017608819661841217,0.00017608819661841217,0.9631684187754594
fast-food,88.33113728203159,4.038695576974511,0.5119761350968065,6.778041141479643,0.07130349307731497,0.07130349307731497,0.9912551937014215,172.147686972348,6.073337413300677,0.4317924107631502,7.098344191824275,0.06889134464176898,0.06889134464176898,0.9829495281205729,114.06840385751083,5.027522141310873,0.45629497661038737,6.966306458606346,0.07009825114971742,0.07009825114971742,0.9887106135836341,195.9102475550583,6.515682149977195,0.4241994861950339,7.127883559028446,0.06891197968453892,0.06891197968453892,0.9805972465190372
fast-food,429.73534618878085,12.262234009829944,0.15726968845291775,9.306817887998418,0.0003042202577697338,0.0003042202577697338,0.9578066195497028,731.2828222501312,15.98375792024531,0.12240430489897897,9.529180389524539,0.00022424288295212335,0.00022424288295212335,0.9283353135204561,442.08690123514225,12.425955583659995,0.15876925420571597,9.315473602940322,0.0002985242860584375,0.0002985242860584375,0.9566572399672578,715.3351757379335,15.589262786402012,0.12279108740040454,9.509875467394954,0.00021939223413083882,0.00021939223413083882,0.9299079976638142
fast-food,260.2396879339555,11.255772733299544,0.13735237612364273,9.25300399005566,0.0005250444274149074,0.0005250444274149074,0.9665859210769068,446.25877683363785,14.614797629696026,0.10938782842841793,9.488981145582834,0.00038844712832755555,0.00038844712832755555,0.9427690078459275,214.12317993856774,9.95186851477435,0.15170742867193007,9.142899610195398,0.000548125846472686,0.000548125846472686,0.9725143033765968,394.3872131055874,13.857929607782472,0.11209666410984427,9.441466832959494,0.000412227284612355,0.000412227284612355,0.9494295569462969
fast-food,96.89008679440833,5.550093653543393,0.27416615737101147,8.552242332565397,0.002224076112886744,0.002224076112886744,0.9915010278219003,156.4499147805085,7.821551259746958,0.20583429582054233,8.880647219206299,0.002057689401045132,0.002057689401045132,0.9862839646631529,112.88654829973015,6.617744419465144,0.24174789691070053,8.725483186965562,0.002203823003989468,0.002203823003989468,0.9900713822014722,203.02088246985986,8.470412084272256,0.20602474241755922,8.92444252631769,0.002045547444807785,0.002045547444807785,0.982193830842624
fast-food,1002.598983550607,19.496547175667388,0.10326476995852633,9.824612126633191,0.00011485618614226852,0.00011485618614226852,0.9256823091655834,1481.085403605954,24.724032792496033,0.07652547179344568,10.036599320716062,8.735447397516827e-05,8.735447397516827e-05,0.890252613428711,654.047542185219,15.661964692305371,0.12370017714289125,9.66034216993791,0.00012802836389044425,0.00012802836389044425,0.9514466462637202,1459.2854642887362,24.38141756045218,0.08114195289145819,10.02331371410008,8.949948814731366e-05,8.949948814731366e-05,0.891873988048132
fast-food,696.2254776084916,17.626498569108552,0.09393911037305565,9.665843536255078,0.00014688038919768737,0.00014688038919768737,0.927651196008249,1112.9006423683454,22.340292324164434,0.07464845615824742,9.865782516884202,0.00011341385247184995,0.00011341385247184995,0.8846490612593075,651.1648243235942,17.04521055534416,0.10078499904320927,9.636247649362941,0.00015634136110353466,0.00015634136110353466,0.9323881114661193,1168.950381353627,22.970430545533574,0.07484417509043848,9.887294468123176,0.00011162029579220847,0.00011162029579220847,0.8788073646845266
fast-food,347.48746028805465,11.474038850806544,0.19162413029472963,9.23003383125538,0.0002944927987992193,0.0002944927987992193,0.9576571248860714,628.4829861302449,16.276150310969278,0.11761649501460596,9.625456952460466,0.00014850067307799975,0.00014850067307799975,0.9233797731737593,380.5230352863461,12.819264248133708,0.13431451869342378,9.436608914985587,0.00017502272232155065,0.00017502272232155065,0.9535850714861173,611.0292842991412,16.095942710914844,0.11549921512297064,9.620739988816672,0.0001453558591221298,0.0001453558591221298,0.9255011570279398
fast-food,72.82641784977606,4.639714849219356,0.3645791209986805,7.899510399684659,0.0019149259825305296,0.0019149259825305296,0.9874342577945021,113.73711871936275,5.958639851214848,0.3009230435997281,8.150967572883868,0.0014089441696986064,0.0014089441696986064,0.9803112078915097,66.4716583597614,4.393452650657057,0.3713009625076625,7.877246787688739,0.001729915878685251,0.001729915878685251,0.9884842302573145,139.2989075193675,6.425209122326204,0.29190520558781846,8.215172289713426,0.0013107341013858975,0.0013107341013858975,0.9758849446526293
fast-food,359.9275622734496,11.789241921801464,0.15696437793295867,9.398490771566948,0.0001580906783507429,0.0001580906783507429,0.9704768739603935,668.8741050904134,16.243113549994497,0.12354216643962347,9.665602161947128,0.00011996951941385163,0.00011996951941385163,0.9451082752211734,419.3395562854361,12.619960958076376,0.18284072987084926,9.395589678433797,0.0002010535779435116,0.0002010535779435116,0.9656241865400874,699.8336557957886,16.764932592443422,0.1262066791621078,9.683993891495442,0.0001213782168891329,0.0001213782168891329,0.9425672134096899
fast-food,291.87740872965605,10.92049363721568,0.14699204007902908,9.4027016260819,0.00018544441803342073,0.00018544441803342073,0.9749998777344487,491.6493291324761,14.180688793524249,0.11953863299889647,9.633563385680619,0.00014887662453612024,0.00014887662453612024,0.9579507710657259,220.78727319248046,9.378374552917467,0.16829669013757012,9.259091825017718,0.0002163392370936272,0.0002163392370936272,0.9810897421338501,450.38920002391336,13.693453852128977,0.11551802880167623,9.609314210045664,0.00014595439787120187,0.00014595439787120187,0.9614817368684732
fast-food,343.3506355507406,11.833707579827923,0.14656280344183945,9.386685724391555,0.0001991910218385255,0.0001991910218385255,0.9713965570112457,587.7762118900288,15.079846890977537,0.11666984242521386,9.603424329323774,0.00014512981329762922,0.00014512981329762922,0.9511428974936105,307.14878312276136,10.506223620909141,0.16365875525024254,9.273918570786739,0.00020293081848574642,0.00020293081848574642,0.9744551143850801,568.6508966809331,15.20532655246258,0.11348413509635344,9.610890826341759,0.00014625488690972536,0.00014625488690972536,0.9527220143254123
fast-food,152.86898172241933,6.823185251770224,0.3306531409819943,8.437952939218377,0.0013969276851785821,0.0013969276851785821,0.9813205553750971,288.4711847540162,9.39876951752132,0.2658027154299379,8.761538548725762,0.0009422731100247585,0.0009422731100247585,0.964713598055146,156.50785220313207,6.8990001975893405,0.31749134383164246,8.473501982382903,0.0013060507061820761,0.0013060507061820761,0.9808925109632952,260.73192521267833,9.012875299173013,0.27638869289509393,8.704461284242061,0.0010550314354090646,0.0010550314354090646,0.9681077050329311
fast-food,181.2824115018263,7.970908891689211,0.2249097113388097,8.944762000709192,0.0002671391146493539,0.0002671391146493539,0.9754985279199957,368.3414488845743,11.41680906767833,0.17291666020886398,9.26331754832461,0.00019610380299104477,0.00019610380299104477,0.9501076578173812,201.87051924193943,8.247523120162228,0.2235597823876951,8.963396190536749,0.0002796450962988479,0.0002796450962988479,0.9727006692821434,318.5379030234521,10.746957721741339,0.16354580360029664,9.234435040367273,0.00019208918860753085,0.00019208918860753085,0.9568600834973987
fast-food,162.28379012830152,7.571236155687498,0.23464023243291138,8.83565143211426,0.0003103152739781336,0.0003103152739781336,0.9674851855626151,309.410172062824,10.526993660843337,0.18592956036797265,9.135820665625152,0.00022504441792361288,0.00022504441792361288,0.9381163444841144,178.36106142612704,7.841668796023002,0.24594670804328633,8.84828226323501,0.0003204910240928909,0.0003204910240928909,0.96432730718326,291.5171738440505,10.276430379550579,0.1812266964341649,9.12534488627981,0.00022099965224504895,0.00022099965224504895,0.9416885944843411
fast-food,181.9177057901846,7.866414021790535,0.24876008233333477,8.723431468303824,0.0005417620414081753,0.0005417620414081753,0.9746513131460086,295.3256528529914,10.052585867137728,0.21422877458898082,8.94038477502571,0.0004392887901380048,0.0004392887901380048,0.9588374868801106,173.9151185676811,7.693172755408839,0.26863114043205444,8.688493642611832,0.0006230668613525998,0.0006230668613525998,0.9757842313480624,295.29994019574144,10.031827530376235,0.20445544085828787,8.957457461352682,0.00040797613912624703,0.00040797613912624703,0.9588281725636097
fast-food,260.4319061261326,10.514461755818031,0.15330556682078259,9.201949784950259,0.00019618197541328066,0.00019618197541328066,0.9617811930410946,433.62396541268936,13.940180969106397,0.11339590089093753,9.463675779262736,0.00014348571082100476,0.00014348571082100476,0.9364011964782992,252.86147965631,10.352397649734383,0.15525288128664555,9.189776855645826,0.00019891543791391596,0.00019891543791391596,0.962951426460284,456.6637908620313,13.917184705446733,0.12268190764162899,9.451525951652611,0.00015085933423569943,0.00015085933423569943,0.9330304089289818
fast-food,157.53121545670732,6.038867525027061,0.43628835989044334,7.944111942670877,0.0033124129807898866,0.0033124129807898866,0.990730727143216,327.3137470812075,8.859186717584555,0.3293759897986495,8.365952136261773,0.0021909942265530206,0.0021909942265530206,0.9807484046243693,228.06787478891468,7.2384295453123,0.37065946669766797,8.180101887926963,0.0026053032284950187,0.0026053032284950187,0.986579000983412,360.9384603372863,9.323782011242843,0.329192739296039,8.394240569569153,0.0021904273089584448,0.0021904273089584448,0.9787716505271569
fast-food,137.1206179505599,6.228667598051661,0.3430926522579866,8.51721597226111,0.0008460209802228025,0.0008460209802228025,0.9866119071316611,257.10607345624527,8.802859812983288,0.2578571056265086,8.88869733232337,0.0004989361497192653,0.0004989361497192653,0.9749029498137043,134.13761140047714,6.610068545810966,0.28808758902615367,8.664613051430727,0.0005762743410040648,0.0005762743410040648,0.9869125756388512,246.73218385216737,8.853786859831237,0.2403235638736852,8.917188712759364,0.00045764451141154294,0.00045764451141154294,0.9759153077843997
fast-food,372.2136437266245,10.067979413434882,0.21296367429773222,9.110868287962132,0.00031902967859292363,0.00031902967859292363,0.9697238196288505,619.6648857370286,14.325334010040915,0.135867174815174,9.479448915825738,0.00022568750597349956,0.00022568750597349956,0.9496016976051769,295.4856638699111,10.366017604328125,0.17727099718899442,9.219242711187764,0.0003107268612849426,0.0003107268612849426,0.9759590815386675,510.1794857726771,12.91163903957881,0.14121106468270828,9.39842510102805,0.00023159295267125224,0.00023159295267125224,0.9585097578552607
fast-food,123.57382465336948,6.2986685461932455,0.3308282104963831,8.61709362459289,0.000803506792566775,0.000803506792566775,0.9874779091412214,215.84700150090416,8.888905442987333,0.24345585085552943,9.014264750804037,0.0004912942760770313,0.0004912942760770313,0.9781083321390275,127.9912702359214,6.916813083595856,0.2737732918506428,8.806151566289309,0.0005646805374401844,0.0005646805374401844,0.9870121525761532,245.54697312509222,9.476988024943186,0.23304382696466053,9.07554600717894,0.0004646236324154183,0.0004646236324154183,0.9750994793005645
fast-food,151.9118038998823,7.126660079230521,0.24590640957338622,8.824102765143909,0.0003376077047180417,0.0003376077047180417,0.9797182789496303,403.3642184146312,11.860489650405812,0.15677129290362865,9.294526770561928,0.00019596343360761225,0.00019596343360761225,0.9462303411623425,251.24544318918026,9.338776887235584,0.18649792215663538,9.072960539698744,0.00025955645467265205,0.00025955645467265205,0.9665770239891663,307.1975625284196,10.82273760800358,0.15595489983160096,9.22470825937868,0.00021264868627498035,0.00021264868627498035,0.9590516200081947
fast-food,88.9356342992589,5.4131757072897075,0.2747878913732198,8.62578406713991,0.00031925555877094337,0.00031925555877094337,0.9879818123460721,192.00895708874782,8.714154074421092,0.16764370613789975,9.090179422439466,0.000184942227416257,0.000184942227416257,0.9740319134726901,132.74660403607587,7.113493192440512,0.21022095713567576,8.884402214361916,0.0002484598073650021,0.0002484598073650021,0.9820176133128925,204.56792466089829,8.913494350348602,0.16710901118655683,9.106052055152592,0.00018187876004102026,0.00018187876004102026,0.9723343487766503
fast-food,599.9843252698932,14.641831646925866,0.13733506924492564,9.57591268820849,0.00021022949901472557,0.00021022949901472557,0.950319450831735,774.08644257917,17.637473407341577,0.10310566133767536,9.775562337796304,0.00014909766374296939,0.00014909766374296939,0.935866274500159,485.7013136721131,13.444520950671436,0.13977360134315087,9.523954497182679,0.0002131916738534709,0.0002131916738534709,0.9597718322231101,1080.598667925041,20.05623027415119,0.10087500876654001,9.854905044589126,0.0001426736182082562,0.0001426736182082562,0.910476103403428
fast-food,116.67466871370179,6.609179092325991,0.23750210970762436,8.858420543010451,0.00033884631744145324,0.00033884631744145324,0.9857281555219662,205.12019040063723,8.839707243468876,0.1863942509054199,9.136576367492863,0.0002549567151407002,0.0002549567151407002,0.9748159311478538,137.55128285015817,6.94208870126023,0.23786717861608603,8.889276003998756,0.0003347460545683906,0.0003347460545683906,0.9831011324032415,237.639487949228,9.505160171409607,0.17658173575928107,9.199279028389954,0.00024271597082020446,0.00024271597082020446,0.9708319289028693
fast-food,204.62702082794067,8.80781325145205,0.2390235261230159,8.993322841999488,0.0005455590584415925,0.0005455590584415925,0.9802101562982849,391.39589494633145,12.3834514443013,0.18370840673839628,9.311257718581434,0.0003595653682228667,0.0003595653682228667,0.9621819236180273,249.78198350800437,9.891694432552073,0.2122046065624331,9.110102369283137,0.0004506138940677321,0.0004506138940677321,0.9758583413399002,390.967368460233,12.498326110813368,0.18012242029648212,9.321268726355735,0.0003480292485772542,0.0003480292485772542,0.9622220280233892
fast-food,88.40646486636022,4.148192152323974,0.5143906859590529,7.425635948304473,0.0036231604850086472,0.0036231604850086472,0.9842628109339249,199.4125227665763,7.214350215039117,0.3512904738615554,8.02404972753243,0.0017644720626292213,0.0017644720626292213,0.9646189866447352,136.70983661833284,5.896729301412859,0.3897123707282423,7.84127484300999,0.002099472648054131,0.002099472648054131,0.9757941415741929,209.09839226819912,7.349507579525777,0.3603482587122593,8.012609127754274,0.001882247271317514,0.001882247271317514,0.962905052586511
fast-food,121.11089805049653,6.423543717699975,0.3055815152462624,8.495296566846648,0.0010217730896134908,0.0010217730896134908,0.9861126101438779,277.8811697463225,10.209873160037505,0.21407107096830746,8.943157978258668,0.0006122256369118533,0.0006122256369118533,0.9681657360609546,191.4965784832458,8.206576523613588,0.25854148132720184,8.727016035252758,0.0007975076466145736,0.0007975076466145736,0.9780491803063593,268.1107370201287,9.854451639171016,0.2244524105568135,8.902751296408619,0.000633801782898966,0.000633801782898966,0.9692862300435736
fast-food,212.08544745708818,8.696370819122533,0.16821601446794085,9.080782502171596,0.0002405216349494232,0.0002405216349494232,0.9669546718924877,371.8620643013186,11.772729164499243,0.12927989304554635,9.368624093156878,0.00017570471088102434,0.00017570471088102434,0.9424152988617785,206.92588153760525,8.635879505390648,0.17399966085900775,9.079204666357562,0.0002322280966669412,0.0002322280966669412,0.9678701705212397,368.3650769710859,12.087908258789419,0.11786756619810317,9.402981542194206,0.00016565813394748869,0.00016565813394748869,0.9429476629605167
fast-food,123.75573482951077,6.830448748428505,0.2320154379094759,8.9712701603775,0.00029281408426768253,0.00029281408426768253,0.988871565465119,259.61703762585273,9.662506624271312,0.1832692011247804,9.289918429797149,0.0002119867506147871,0.0002119867506147871,0.976654962676042,144.56497091250426,7.275660368353238,0.2149941766029657,9.03567168564778,0.0002632770545213632,0.0002632770545213632,0.9869934862867465,237.72317491945353,9.723789638799353,0.16286258969055337,9.314770974620776,0.00019781844511982993,0.00019781844511982993,0.9786205224788046
fast-food,242.3020143149232,9.461012269938596,0.20778197352658787,9.228822367683275,0.00020212847261427135,0.00020212847261427135,0.9754034865025683,375.57824250539613,11.623282167508494,0.1667504613358879,9.413637226288747,0.00015323778085563565,0.00015323778085563565,0.9618523202088793,220.83245560697003,8.789871278251463,0.20924806586540753,9.163860398142825,0.00020081295758230016,0.00020081295758230016,0.9776163050864844,421.19665241800146,12.52598238656847,0.1597048475521731,9.488795626876453,0.0001393878719220418,0.0001393878719220418,0.957217910850788
fast-food,243.38637809805346,10.562191785180223,0.13167173898165513,9.4171534751926,0.00011489455112195244,0.00011489455112195244,0.9703816507629994,378.7926506887469,13.382331395811777,0.1005780474140976,9.639135569764512,8.986981875516542e-05,8.986981875516542e-05,0.9539528114740142,246.54057245908643,10.614719236508776,0.1324188118480513,9.425928040824314,0.00011585715851953399,0.00011585715851953399,0.9700820323784802,477.28938691641645,14.921839410012499,0.09521777871405754,9.733863180497755,8.232019280461201e-05,8.232019280461201e-05,0.941975883485593
fast-food,180.40894223850086,7.75925296003146,0.21987019244184122,8.938145020595554,0.00029374010068766634,0.00029374010068766634,0.9803246682338761,402.7419570081082,11.523661245796886,0.14565163040079926,9.316156390954308,0.00017908922460761292,0.00017908922460761292,0.9560771869699254,289.3087770595368,9.661917998610384,0.16484913848254806,9.153567407031444,0.00021220530763344853,0.00021220530763344853,0.9684446614268843,438.5647936792128,12.282766379101698,0.13981474670320188,9.372570259664936,0.00017454036063801752,0.00017454036063801752,0.9521921734780497
fast-food,143.26232019507768,8.17648464235777,0.16122308148997616,9.133332187280732,0.00015735931981082548,0.00015735931981082548,0.9811961454148918,276.340241991269,11.39373702861847,0.11748210464562268,9.437519993090058,0.00011420001795542814,0.00011420001795542814,0.9637213681220357,163.64204019639052,8.617307760235251,0.15295465178320403,9.178689214082135,0.00015158604076601144,0.00015158604076601144,0.9785151417932098,272.1649957639044,11.170403840721361,0.12071681887856711,9.416144227277513,0.00011623324355251747,0.00011623324355251747,0.9642694967350747
fast-food,176.7887287436108,7.6182752058276835,0.23513684406119442,8.814038606409484,0.0004043774070377896,0.0004043774070377896,0.977563245321122,330.6262741742283,11.127277083689668,0.14690228681964737,9.203754984871109,0.00022376329167021408,0.00022376329167021408,0.9580281084997782,220.73724601566792,8.959862259707398,0.1864302687177657,9.002363923752105,0.00028585329041838246,0.00028585329041838246,0.9719728272448586,364.9138536525219,11.47922670920159,0.15281895182596336,9.21458170120699,0.00023367593098631622,0.00023367593098631622,0.9536770200246205
fast-food,134.3047352883303,6.462405038378445,0.2703622198700587,8.463638335271058,0.0006615537677539565,0.0006615537677539565,0.9850162168539442,309.96655051715373,10.049374053985945,0.1952369053364905,8.873874521836774,0.00041139538397331425,0.00041139538397331425,0.9654367002072979,187.60375228002528,7.980227884683745,0.22888541839649473,8.66955989592121,0.0005339375871234291,0.0005339375871234291,0.9790626262071775,271.8891342233731,9.688110652861138,0.18381876281105658,8.83707105535828,0.0004240287231790626,0.0004240287231790626,0.9696856334219521
fast-food,229.46063256823626,8.92039761431463,0.21849179989196132,9.146743753867497,0.0002524494914743177,0.0002524494914743177,0.9767925823446263,554.2944724783947,14.599138681051455,0.12263576367087767,9.6352006508217,0.0001411216465966379,0.0001411216465966379,0.9440440007922829,332.6299348075337,11.499869324695768,0.1469817737295202,9.432346998700053,0.00017645720286898835,0.00017645720286898835,0.9664096150916478,395.8707206128886,12.29219172815039,0.14075920079116175,9.479311596740501,0.00016212329447678637,0.00016212329447678637,0.9600213247442558
fast-food,297.1548195473569,10.74674752099988,0.18531647575326285,9.329923014022997,0.00022469926752878675,0.00022469926752878675,0.9652825692236024,542.6562296404702,14.827575776378136,0.13533127100043066,9.638876999232648,0.00014337565167140526,0.00014337565167140526,0.936587858350527,298.0513124917646,11.218828805760278,0.16563508191027104,9.389907272167042,0.0001977065999723802,0.0001977065999723802,0.9652026593751826,516.3852567085386,14.790670079106702,0.1394461259756716,9.636970958587177,0.00015429745623169299,0.00015429745623169299,0.9396544770987105
fast-food,237.40362593211987,9.772187820508048,0.16983115019273443,9.311841014110586,0.00017977807732940225,0.00017977807732940225,0.9742076681871059,417.6966669504258,13.452449679231647,0.12088015254779214,9.615899662622896,0.0001243308893040456,0.0001243308893040456,0.9546583662488497,256.87013871686764,10.58943832053522,0.14610715839837132,9.392741013609445,0.00016216268989873123,0.00016216268989873123,0.9721181519962863,456.4053156660278,14.35116831652493,0.10765215723444431,9.67453048493984,0.00011601718256883448,0.00011601718256883448,0.9504477873979073
fast-food,209.6386963447722,7.929492975129346,0.22230660514590245,9.060490431387077,0.0002529028377733533,0.0002529028377733533,0.9815225714364948,484.6482514520452,13.041597564740204,0.13210794980087234,9.529549170407838,0.00015158787967968872,0.00015158787967968872,0.957299691068196,284.005215902382,9.67777234204793,0.1769820746254286,9.251222621595666,0.0002076470136592053,0.0002076470136592053,0.9749756053555841,441.6682369161849,12.726733498017625,0.131329321247865,9.51961346672671,0.0001522220993533099,0.0001522220993533099,0.9610921389872544
fast-food,191.2850268997054,7.398106480675119,0.3345417787235006,8.225855902426078,0.01047599397910817,0.01047599397910817,0.9876425820231473,317.2120811773046,9.931832360820591,0.26690297030790855,8.517296110047461,0.009775432625270789,0.009775432625270789,0.9795265119066956,185.93018442717488,7.577353631053677,0.30755075909573837,8.293018176072808,0.010498470857341236,0.010498470857341236,0.9880029921707428,310.5152488550812,9.775429289916575,0.2682571138869189,8.497004284479141,0.009787433770757255,0.009787433770757255,0.979956991995729
fast-food,559.3204219075585,14.406221664225512,0.17169427119592942,9.125444460632174,0.001765369972812669,0.001765369972812669,0.9593162745401366,839.4461444166056,17.7307569962217,0.1420835670684146,9.290552695372174,0.0014681442647660671,0.0014681442647660671,0.9389300606318195,428.1167934409898,12.414240289295082,0.18550601965595695,9.013389012018914,0.0019662368669196434,0.0019662368669196434,0.9688550006526523,859.7458324278916,18.058423617794272,0.1423401210741498,9.31047579275093,0.001441840915294519,0.001441840915294519,0.9374584308858228
fast-food,208.12650407530606,5.934850361767068,0.3948824601439691,7.943375121853706,0.009269994079381838,0.009269994079381838,0.9745154387553562,432.7105837296542,9.300403384030124,0.30841816778673137,8.357498067556522,0.007622774662733421,0.007622774662733421,0.9470846871991115,282.3720528271674,7.285529096580155,0.3357479616189446,8.177834864870832,0.0078018023130763305,0.0078018023130763305,0.9655026897254377,439.89284144772427,9.55732649025321,0.2841242530471113,8.419429667213304,0.007558877619856959,0.007558877619856959,0.9461971073262805
fast-food,54.51709966105434,4.374502433573151,0.31470239579320275,8.18752214923175,0.0007064222940864224,0.0007064222940864224,0.9909684292613985,105.38817624093818,6.0332031976206135,0.26844992942927387,8.471757770992713,0.0005421604646991976,0.0005421604646991976,0.9825276061630006,53.35114582071312,4.307763995414848,0.34007026412769625,8.1467032417083,0.0007971688175613198,0.0007971688175613198,0.9911754008833698,98.28784232095083,6.017795578518995,0.2452790589699725,8.47696810910989,0.0005245123677513848,0.0005245123677513848,0.9837029783330195
fast-food,165.42021110795955,7.214657126664828,0.23543831469195728,8.925107716712985,0.00026193517827146674,0.00026193517827146674,0.9825135617393356,263.94798316580113,9.329738529566518,0.18635530805183045,9.171243512160869,0.0002016435242552176,0.0002016435242552176,0.9721502528207827,135.96698227551985,6.954220080138014,0.22775356507106576,8.907030306470684,0.0002800699542819442,0.0002800699542819442,0.9856264964621035,278.0469552614087,9.969456700129877,0.1706781355372487,9.24930652981346,0.00018443451979205703,0.00018443451979205703,0.9706594826276553
fast-food,451.5795732367974,13.394585770432899,0.15311168123890237,9.531080682572059,0.00013756312481634392,0.00013756312481634392,0.9605122696271121,602.3927638940688,16.118596916573537,0.12121394683782998,9.713664836721643,0.00010879867600051892,0.00010879867600051892,0.9473343092904573,306.01089468727736,11.148471241916274,0.18176106197885367,9.363378947971066,0.00016719360427720826,0.00016719360427720826,0.9732693653322531,765.7302142340725,18.2485255379151,0.09992756443653651,9.819627938066338,9.470923421896882e-05,9.470923421896882e-05,0.9330627272721531
fast-food,530.0313550091643,14.826238094134382,0.11472067937334966,9.679580326406567,0.00011809661926749762,0.00011809661926749762,0.9543483172428352,866.2964504701475,19.119377068753046,0.09181964199345072,9.899027232252198,9.043161499405621e-05,9.043161499405621e-05,0.9254253853628434,434.98394751536546,13.23342018735649,0.13913481018333676,9.577195398060015,0.00013308667380184383,0.00013308667380184383,0.9625514817643787,839.8123541587723,18.74637383424011,0.09186086940628084,9.880995356362916,9.293262615042641e-05,9.293262615042641e-05,0.9277046259300618
fast-food,140.55776517751613,7.747871989895421,0.18420442195730782,9.029881658341326,0.00018457861405485874,0.00018457861405485874,0.9791023565802924,246.58188059639343,10.245672808486967,0.15253259598954522,9.283658457473548,0.0001472951225166657,0.0001472951225166657,0.963361274368579,150.134120179077,7.92725930729068,0.18785122276905733,9.046826067404886,0.00018645460963449812,0.00018645460963449812,0.9776908468319488,265.6678224544508,10.479640442002307,0.14226127855908613,9.30852918208306,0.0001377127288221991,0.0001377127288221991,0.9605294307513638
